Workbook

Sheet 요약
A1: 문화포털 자동화 테스트 — 요약
A2: 모든 수치는 수식으로 자동 집계됨. 입력은 '추적표' 시트의 실행결과(노란 칸)만 수정.
A4: 구분 | B4: 1주 | C4: 2주 | D4: 합계 | E4: Smoke | F4: Pass | G4: Fail | H4: XFAIL | I4: 미실행
A5: UI | B5: =COUNTIFS(추적표!$B$2:$B$32,$A5,추적표!$K$2:$K$32,"1주") -> 6 | C5: =COUNTIFS(추적표!$B$2:$B$32,$A5,추적표!$K$2:$K$32,"2주") -> 6 | D5: =COUNTIF(추적표!$B$2:$B$32,$A5) -> 12 | E5: =COUNTIFS(추적표!$B$2:$B$32,$A5,추적표!$J$2:$J$32,"Smoke") -> 3 | F5: =COUNTIFS(추적표!$B$2:$B$32,$A5,추적표!$L$2:$L$32,"Pass") -> 0 | G5: =COUNTIFS(추적표!$B$2:$B$32,$A5,추적표!$L$2:$L$32,"Fail") -> 0 | H5: =COUNTIFS(추적표!$B$2:$B$32,$A5,추적표!$L$2:$L$32,"XFAIL") -> 0 | I5: =COUNTIFS(추적표!$B$2:$B$32,$A5,추적표!$L$2:$L$32,"미실행") -> 12
A6: API | B6: =COUNTIFS(추적표!$B$2:$B$32,$A6,추적표!$K$2:$K$32,"1주") -> 8 | C6: =COUNTIFS(추적표!$B$2:$B$32,$A6,추적표!$K$2:$K$32,"2주") -> 11 | D6: =COUNTIF(추적표!$B$2:$B$32,$A6) -> 19 | E6: =COUNTIFS(추적표!$B$2:$B$32,$A6,추적표!$J$2:$J$32,"Smoke") -> 4 | F6: =COUNTIFS(추적표!$B$2:$B$32,$A6,추적표!$L$2:$L$32,"Pass") -> 0 | G6: =COUNTIFS(추적표!$B$2:$B$32,$A6,추적표!$L$2:$L$32,"Fail") -> 0 | H6: =COUNTIFS(추적표!$B$2:$B$32,$A6,추적표!$L$2:$L$32,"XFAIL") -> 0 | I6: =COUNTIFS(추적표!$B$2:$B$32,$A6,추적표!$L$2:$L$32,"미실행") -> 19
A7: 합계 | B7: =SUM(B5:B6) -> 14 | C7: =SUM(C5:C6) -> 17 | D7: =SUM(D5:D6) -> 31 | E7: =SUM(E5:E6) -> 7 | F7: =SUM(F5:F6) -> 0 | G7: =SUM(G5:G6) -> 0 | H7: =SUM(H5:H6) -> 0 | I7: =SUM(I5:I6) -> 31
A9: 수동 TC 자동화 판정
A10: 판정 | B10: 건수
A11: 자동화 | B11: =COUNTIF(자동화선정!$G$2:$G$41,A11) -> 11
A12: API로 대체 | B12: =COUNTIF(자동화선정!$G$2:$G$41,A12) -> 3
A13: 후순위 | B13: =COUNTIF(자동화선정!$G$2:$G$41,A13) -> 12
A14: 제외 | B14: =COUNTIF(자동화선정!$G$2:$G$41,A14) -> 14
A15: 합계 | B15: =SUM(B11:B14) -> 40
A17: 자동화 선정 기준
A18: • 기대결과를 코드로 객관적으로 판정할 수 있음 (문구, 상태, 건수, 연월)
A19: • 반복 실행 가치가 큼: 핵심 흐름, 이미 보고된 결함의 회귀 확인
A20: • 수동보다 재현성이 높아짐: 위치 정보·권한·반경처럼 코드로 고정 가능한 조건
A21: • 제외: 시각 판정(지도 그래픽), 외부 사이트 의존, 같은 기능의 중복 화면
A22: • 기대결과는 명사형 어미로, 제목은 [구분][기능] 형식으로 작성해 정렬·통계가 가능하게 함

Sheet 자동화선정
A1: 수동 TC ID | B1: 화면(중분류) | C1: 수동 TC 제목 | D1: 수동 기대결과 | E1: 팀 수행결과 | F1: 결함 ID | G1: 자동화 판정 | H1: 판정 사유 | I1: 자동화 TC
A2: FN_INFO_001 | B2: 한눈에 보는 문화정보 | C2: 검색어 입력 (Null) | D2: 최소 두자리 이상의 검색어를 입력하세요.' 메시지 노출 | E2: Fail | F2: INFO_DF_001 | G2: 자동화 | H2: 판정 기준이 명확함(안내 메시지). 결함 INFO_DF_001 회귀 확인 | I2: UI-검색-필수값-001
A3: FN_INFO_002 | B3: 한눈에 보는 문화정보 | C3: 검색어 입력 (스페이스바로 공백 입력) | D3: 최소 두자리 이상의 검색어를 입력하세요.' 메시지 노출 | E3: Fail | F3: INFO_DF_002 | G3: 자동화 | H3: 결함 INFO_DF_002 회귀 확인 | I3: UI-검색-필수값-002
A4: FN_INFO_003 | B4: 한눈에 보는 문화정보 | C4: 검색어 입력(공백 + 1글자) | D4: 앞뒤 공백 제거 후 1글자로 인식되어 '최소 두자리 이상의 검색어를 입력하세요.' 메시지 노출 | E4: Fail | F4: INFO_DF_003 | G4: 자동화 | H4: 경계값(1글자). 결함 INFO_DF_003 회귀 확인 | I4: UI-검색-경계값-001
A5: FN_INFO_004 | B5: 한눈에 보는 문화정보 | C5: 검색어 입력 (앞,뒤 공백 처리) | D5: 앞뒤 공백이 자동으로 제거되어 '름밤'으로 정상 검색 처리 | E5: Pass | F5: - | G5: 자동화 | H5: 핵심 정상 흐름 → smoke | I5: UI-검색-정상-001
A6: FN_INFO_005 | B6: 한눈에 보는 문화정보 | C6: 상세검색 레이어 열기/닫기 | D6: 클릭 시 상세검색 필터 패널이 숨김/노출 처리되고, 버튼 문구가 '상세검색 열기'/'상세검색 닫기'로 전환 | E6: Pass | F6: - | G6: 자동화 | H6: 버튼 문구 변화로 객관적 판정 가능 | I6: UI-상세검색-토글-001
A7: FN_INFO_006 | B7: 한눈에 보는 문화정보 | C7: 상세검색 체크박스 전체선택/해제 (주제별, 분야별, 대상별, 비용별) | D7: 주제별' 체크박스 선택 시 하위 아이콘 항목 전체가 일괄 선택(또는 전체 적용) | E7: Pass | F7: - | G7: 후순위 | H7: FN_INFO_010과 같은 체크박스 영역 → 2차 | I7: -
A8: FN_INFO_007 | B8: 한눈에 보는 문화정보 | C8: 상세검색 하위 필터 단일선택 | D8: 공연' 주제에 해당하는 결과 목록만 필터링되어 노출 | E8: Pass | F8: - | G8: API로 대체 | H8: 분야 판정은 API(realm2)에서 12개 분야 동등분할로 검증. 화면 필터는 2차 | I8: API-분야-값검증-001, API-분야-동등분할-001
A9: FN_INFO_008 | B9: 한눈에 보는 문화정보 | C9: 상세검색 하위 필터 다중선택 | D9: 공연'이면서 '무료'인 결과 목록만 정확하게 교집합(AND) 필터링되어 노출 | E9: Pass | F9: - | G9: 후순위 | H9: AND 조건 판정에 결과 항목의 분야·비용 표시 확인 필요 → 2차 | I9: -
A10: FN_INFO_009 | B10: 한눈에 보는 문화정보 | C10: 상세검색 복합 조회 (검색어+필터) | D10: 무료' 조건에 해당하는 항목 중 '축제' 검색어가 포함된 결과만 노출 | E10: Pass | F10: - | G10: 후순위 | H10: FN_INFO_008 이후 진행 | I10: -
A11: FN_INFO_010 | B11: 한눈에 보는 문화정보 | C11: 상세검색 필터 초기화 ('전체해제' 버튼 클릭) | D11: 선택되어 있던 모든 체크박스/필터가 선택 해제(초기 상태) | E11: Pass | F11: - | G11: 자동화 | H11: 체크 상태로 객관적 판정 가능 | I11: UI-상세검색-초기화-001
A12: FN_INFO_011 | B12: 한눈에 보는 문화정보 | C12: 조회 데이터 0건 | D12: 화면 오류(500 에러 등) 없이 '데이터가 없습니다.' 문구가 정상 노출 | E12: 미수행 | F12: - | G12: 후순위 | H12: 결함 INFO_def_001(건수 불일치) 회귀 후보. 결과 건수 표시 위치 확인 후 진행 | I12: -
... A41: FN_INFO_040 | B41: 문화취약계층 | C41: 바로가기 링크 | D41: 한국장애인문화예술원' 홈페이지가 새창으로 열림 | E41: 미수행 | F41: - | G41: 제외 | H41: 외부 사이트 이동 | I41: -

Sheet 추적표
A1: 자동화 TC ID | B1: 구분 | C1: 제목 | D1: 기대결과 | E1: 적용 기법 | F1: 수동 TC | G1: 결함 ID | H1: BDD 시나리오 | I1: 스크립트 | J1: 실행범위 | K1: 단계 | L1: 실행결과 | M1: 비고
A2: UI-검색-필수값-001 | B2: UI | C2: [UI][검색] 검색어 없이 검색 | D2: '최소 두자리 이상의 검색어를 입력하세요' 안내 메시지가 노출됨 | E2: 동등분할(무효) | F2: FN_INFO_001 | G2: INFO_DF_001 | H2: features/info_search.feature | I2: tests/ui/test_info_search.py | J2: Regression | K2: 1주 | L2: 미실행 | M2: 결함 존속 시 XFAIL
A3: UI-검색-필수값-002 | B3: UI | C3: [UI][검색] 공백 2칸만 입력하고 검색 | D3: '최소 두자리 이상의 검색어를 입력하세요' 안내 메시지가 노출됨 | E3: 동등분할(무효) | F3: FN_INFO_002 | G3: INFO_DF_002 | H3: features/info_search.feature | I3: tests/ui/test_info_search.py | J3: Regression | K3: 1주 | L3: 미실행 | M3: 결함 존속 시 XFAIL
A4: UI-검색-경계값-001 | B4: UI | C4: [UI][검색] 앞 공백과 한 글자로 검색 | D4: '최소 두자리 이상의 검색어를 입력하세요' 안내 메시지가 노출됨 | E4: 경계값 | F4: FN_INFO_003 | G4: INFO_DF_003 | H4: features/info_search.feature | I4: tests/ui/test_info_search.py | J4: Regression | K4: 1주 | L4: 미실행 | M4: 결함 존속 시 XFAIL
A5: UI-검색-정상-001 | B5: UI | C5: [UI][검색] 앞뒤 공백이 있는 검색어로 검색 | D5: 안내 메시지 없이 검색 결과가 1건 이상 노출됨 | E5: 동등분할(유효) | F5: FN_INFO_004 | G5: - | H5: features/info_search.feature | I5: tests/ui/test_info_search.py | J5: Smoke | K5: 1주 | L5: 미실행
A6: UI-상세검색-토글-001 | B6: UI | C6: [UI][상세검색] 상세검색 열기와 닫기 | D6: 클릭할 때마다 버튼 문구가 바뀌고 두 번 클릭 시 처음 문구로 돌아옴 | E6: 상태 전이 | F6: FN_INFO_005 | G6: - | H6: features/info_search.feature | I6: tests/ui/test_info_search.py | J6: Smoke | K6: 1주 | L6: 미실행
A7: UI-상세검색-초기화-001 | B7: UI | C7: [UI][상세검색] 전체해제로 필터 초기화 | D7: 선택된 필터가 0개로 초기화됨 | E7: - | F7: FN_INFO_010 | G7: - | H7: features/info_search.feature | I7: tests/ui/test_info_search.py | J7: Regression | K7: 2주 | L7: 미실행
A8: UI-내주변-위치-001 | B8: UI | C8: [UI][내주변] 위치 권한 허용 후 현재위치 조회 | D8: 수원 위치 기준 문화콘텐츠 목록이 1건 이상 노출됨 | E8: - | F8: FN_INFO_014 | G8: - | H8: features/nearby.feature | I8: tests/ui/test_nearby.py | J8: Regression | K8: 2주 | L8: 미실행 | M8: 브라우저 위치를 코드로 지정
A9: UI-내주변-위치-002 | B9: UI | C9: [UI][내주변] 위치 권한 거부 후 현재위치 조회 | D9: 화면 오류 없이 기본 위치 목록이 1건 이상 노출됨 | E9: - | F9: FN_INFO_015 | G9: - | H9: features/nearby.feature | I9: tests/ui/test_nearby.py | J9: Regression | K9: 2주 | L9: 미실행
A10: UI-내주변-반경-001 | B10: UI | C10: [UI][내주변] 반경 5·10·15·20·30km 선택 | D10: 반경별로 화면 오류 없이 목록이 1건 이상 노출됨 | E10: 동등분할 | F10: FN_INFO_016 | G10: - | H10: features/nearby.feature | I10: tests/ui/test_nearby.py | J10: Regression | K10: 2주 | L10: 미실행 | M10: Scenario Outline 5회 실행
A11: UI-캘린더-표시-001 | B11: UI | C11: [UI][캘린더] 이번 달 기본 표시 | D11: 캘린더 제목에 오늘의 연월이 표시됨 | E11: - | F11: FN_INFO_027 | G11: - | H11: features/calendar.feature | I11: tests/ui/test_calendar.py | J11: Smoke | K11: 1주 | L11: 미실행
A12: UI-캘린더-이동-001 | B12: UI | C12: [UI][캘린더] 이전 달로 이동 | D12: 캘린더 제목이 한 달 전 연월로 바뀜 | E12: 경계값(연도 바뀜 포함) | F12: FN_INFO_028 | G12: - | H12: features/calendar.feature | I12: tests/ui/test_calendar.py | J12: Regression | K12: 2주 | L12: 미실행 | M12: 팀 리뷰 반영해 분리
A13: UI-캘린더-이동-002 | B13: UI | C13: [UI][캘린더] 다음 달로 이동 | D13: 캘린더 제목이 한 달 뒤 연월로 바뀜 | E13: 경계값(연도 바뀜 포함) | F13: FN_INFO_028 | G13: - | H13: features/calendar.feature | I13: tests/ui/test_calendar.py | J13: Regression | K13: 2주 | L13: 미실행 | M13: 팀 리뷰 반영해 분리
A14: API-기간-정상-001 | B14: API | C14: [API][기간목록] 이번 달 목록 정상 조회 | D14: HTTP 200, resultCode 00이 반환되고 1건 이상 조회됨 | E14: - | F14: - | G14: - | H14: - | I14: tests/api/test_period.py | J14: Smoke | K14: 1주 | L14: 미실행
A15: API-기간-정상-002 | B15: API | C15: [API][기간목록] 조회 기간과 항목 기간 일치 | D15: 모든 항목의 기간이 조회 기간과 겹침 | E15: 동등분할 | F15: - | G15: - | H15: - | I15: tests/api/test_period.py | J15: Regression | K15: 1주 | L15: 미실행
A16: API-기간-경계값-001 | B16: API | C16: [API][기간목록] 시작일이 종료일보다 늦은 기간 | D16: 오류코드가 반환되거나 결과가 0건임 | E16: 경계값 | F16: - | G16: - | H16: - | I16: tests/api/test_period.py | J16: Regression | K16: 1주 | L16: 미실행 | M16: 명세에 없는 동작 → 결과를 관찰사항으로 기록
A17: API-기간-경계값-002 | B17: API | C17: [API][기간목록] 시작일과 종료일이 같은 하루 | D17: 모든 항목의 기간이 해당 일자를 포함함 | E17: 경계값 | F17: - | G17: - | H17: - | I17: tests/api/test_period.py | J17: Regression | K17: 2주 | L17: 미실행
A18: API-기간-형식-001 | B18: API | C18: [API][기간목록] 하이픈이 들어간 날짜 형식 | D18: 오류코드가 반환되거나 결과가 0건임 | E18: 동등분할(무효) | F18: - | G18: - | H18: - | I18: tests/api/test_period.py | J18: Regression | K18: 2주 | L18: 미실행
A19: API-기간-탐색-001 | B19: API | C19: [API][기간목록] 과거 기간(2019년) 조회 | D19: resultCode 00으로 응답되고 건수가 리포트에 기록됨 | E19: 탐색적 | F19: - | G19: - | H19: - | I19: tests/api/test_period.py | J19: Regression | K19: 2주 | L19: 미실행 | M19: 관찰사항 OBS-003
A20: API-기간-페이징-001 | B20: API | C20: [API][기간목록] 한 페이지 결과 수 지정 | D20: 항목이 5건 이하이고 numOfrows가 5로 반환됨 | E20: 경계값 | F20: - | G20: - | H20: - | I20: tests/api/test_period.py | J20: Regression | K20: 2주 | L20: 미실행
A21: API-기간-페이징-002 | B21: API | C21: [API][기간목록] 1·2페이지 중복 여부 | D21: 1페이지와 2페이지의 seq가 중복되지 않음 | E21: - | F21: - | G21: - | H21: - | I21: tests/api/test_period.py | J21: Regression | K21: 2주 | L21: 미실행
A22: API-분야-값검증-001 | B22: API | C22: [API][분야] 분야명이 정의된 12개 중 하나 | D22: 모든 항목의 realmName이 12개 분야 안에 있음 | E22: 동등분할 | F22: FN_INFO_007 | G22: - | H22: - | I22: tests/api/test_realm_area.py | J22: Regression | K22: 1주 | L22: 미실행 | M22: 요청 파라미터 확인 없이 실행 가능
A23: API-분야-동등분할-001 | B23: API | C23: [API][분야] 12개 분야별 목록 조회 | D23: 각 분야 결과의 realmName이 요청 분야와 일치함 | E23: 동등분할 | F23: FN_INFO_007 | G23: - | H23: - | I23: tests/api/test_realm_area.py | J23: Regression | K23: 2주 | L23: 미실행 | M23: 분야 코드 입력 전까지 SKIP / 12회 실행
A24: API-지역-정상-001 | B24: API | C24: [API][지역] 지역별 목록 조회(서울·경기·부산) | D24: 결과 항목의 area가 요청 지역과 일치함 | E24: 동등분할 | F24: - | G24: - | H24: - | I24: tests/api/test_realm_area.py | J24: Regression | K24: 2주 | L24: 미실행 | M24: 파라미터 이름 확인 필요
A25: API-상세-정상-001 | B25: API | C25: [API][상세] 목록과 상세정보 일치 | D25: 목록과 같은 title·place·기간이 반환됨 | E25: - | F25: FN_INFO_021 | G25: - | H25: - | I25: tests/api/test_detail.py | J25: Smoke | K25: 1주 | L25: 미실행
A26: API-상세-예외-001 | B26: API | C26: [API][상세] 존재하지 않는 일련번호 | D26: 서버 오류(5xx) 없이 항목이 반환되지 않음 | E26: 동등분할(무효) | F26: - | G26: - | H26: - | I26: tests/api/test_detail.py | J26: Regression | K26: 2주 | L26: 미실행
A27: API-인증-예외-001 | B27: API | C27: [API][인증] 인증키 누락 | D27: 목록이 반환되지 않고 정상 응답이 아님 | E27: - | F27: - | G27: - | H27: - | I27: tests/api/test_auth.py | J27: Smoke | K27: 1주 | L27: 미실행
A28: API-인증-예외-002 | B28: API | C28: [API][인증] 등록되지 않은 인증키 | D28: 목록이 반환되지 않고 정상 응답이 아님 | E28: - | F28: - | G28: - | H28: - | I28: tests/api/test_auth.py | J28: Regression | K28: 1주 | L28: 미실행
A29: API-스키마-정상-001 | B29: API | C29: [API][스키마] 응답 필수 필드 포함 | D29: resultMsg·totalCount와 항목별 필수 필드 7개가 포함됨 | E29: - | F29: - | G29: - | H29: - | I29: tests/api/test_schema.py | J29: Smoke | K29: 1주 | L29: 미실행
A30: API-데이터-형식-001 | B30: API | C30: [API][데이터] 날짜 8자리와 선후관계 | D30: startDate·endDate가 8자리이고 시작일이 종료일 이하임 | E30: - | F30: - | G30: - | H30: - | I30: tests/api/test_schema.py | J30: Regression | K30: 2주 | L30: 미실행
A31: API-데이터-형식-002 | B31: API | C31: [API][데이터] 좌표가 국내 범위 | D31: 좌표가 있는 항목의 경도 124~132, 위도 33~39 범위 안에 있음 | E31: 경계값 | F31: - | G31: - | H31: - | I31: tests/api/test_schema.py | J31: Regression | K31: 2주 | L31: 미실행
A32: API-캘린더-정상-001 | B32: API | C32: [API][캘린더] 문화캘린더 목록 조회 | D32: resultCode 00이 반환됨 | E32: - | F32: FN_INFO_030 | G32: - | H32: - | I32: tests/api/test_calendar_api.py | J32: Regression | K32: 2주 | L32: 미실행 | M32: 파라미터 확인 필요

Sheet API응답필드
A1: 구분 | B1: 태그/코드 | C1: 예시값 | D1: 설명
A2: 공통 | B2: Endpoint | C2: https://apis.data.go.kr/B553457/cultureinfo | D2: 오퍼레이션: period2, area2, realm2, detail2, livelihood2
A3: 요청 | B3: serviceKey | C3: (비공개) | D3: .env / GitHub Secrets 로 관리
A4: 요청 | B4: from / to | C4: 20190616 / 20191231 | D4: 조회 시작일 / 종료일 (YYYYMMDD)
A5: 요청 | B5: cPage / rows | C5: 1 / 10 | D5: 페이지 번호 / 한 페이지 결과 수
A6: header | B6: resultCode | C6: 00 | D6: 결과코드 (00 = 정상)
A7: header | B7: resultMsg | C7: 정상입니다. | D7: 결과메시지
A8: body | B8: totalCount | C8: 1 | D8: 전체 결과 수
A9: body | B9: PageNo | C9: 1 | D9: 페이지 번호 (대문자 P)
A10: body | B10: numOfrows | C10: 10 | D10: 한 페이지 결과 수 (소문자 r)
A11: item | B11: serviceName | C11: 전시 | D11: 서비스 구분
A12: item | B12: seq | C12: 151965 | D12: 일련번호 — detail2 조회 키
... A28: 에러 | B28: 31 | C28: DEADLINE_HAS_EXPIRED_ERROR | D28: 인증키 기한 만료 (활용기간 2026-09-30 ~ 2028-09-30)

Sheet 관찰사항
A1: ID | B1: 발견일 | C1: 대상 | D1: 관찰 내용 | E1: 재현 방법 | F1: 영향 | G1: 심각도 | H1: 상태
A2: OBS-001 | B2: 2026-09-30 | C2: period2 응답 | D2: 요청 파라미터는 cPage·rows인데 응답 태그는 PageNo·numOfrows로 이름과 대소문자 표기가 일관되지 않음 | E2: period2 정상 호출 후 body 태그 확인 | F2: 클라이언트가 태그명을 잘못 해석할 가능성 있음 | G2: 낮음 | H2: 명세 확인 필요
A3: OBS-002 | B3: 2026-09-30 | C3: period2 응답 | D3: thumbnail URL이 https가 아닌 http로 제공됨 | E3: period2 정상 호출 후 thumbnail 값 확인 | F3: https 페이지에서 혼합 콘텐츠 경고·이미지 차단 가능성 있음 | G3: 낮음 | H3: 확인 필요
A4: OBS-003 | B4: 2026-09-30 | C4: period2 응답 | D4: 2019-06-16 ~ 2019-12-31 기간 조회 시 결과가 1건뿐임. 과거 데이터 보관 범위가 명세에 없음 | E4: from=20190616, to=20191231로 호출 | F4: 과거 기간 조회 결과 부족을 오류로 오인할 수 있음 | G4: 정보 | H4: 기록
